<?xml version="1.0" encoding="UTF-8"?>
<!DOCTYPE mapper PUBLIC "-//mybatis.org//DTD Mapper 3.0//EN"
 "http://mybatis.org/dtd/mybatis-3-mapper.dtd">
 
 <mapper namespace="Board">

 	<insert id="writeBoard" parameterType="board">
 		INSERT INTO BOARD_SY VALUES(BOARDSEQ.NEXTVAL,#{bwriter},#{btitle},#{bcontents},DEFAULT,0,#{bfilename})
 	</insert>
 	
 	<select id="boardList" resultType="board">
 		SELECT BNUMBER, BTITLE, BWRITER, BDATE, BCONTENTS FROM BOARD_SY ORDER BY BNUMBER
 	</select>
 	
 	 <select id="boardview" parameterType="int" resultType="board">
 		SELECT * FROM BOARD_SY WHERE BNUMBER=#{bnumber}
 	</select>
 	
 	<update id="boardupdate" parameterType="board">
 		UPDATE BOARD_SY SET BTITLE=#{btitle}, BCONTENTS=#{bcontents}, BDATE=SYSDATE WHERE BNUMBER=#{bnumber}
 		
 		<selectKey resultType="board" keyProperty="bdate" order="AFTER">
 		SELECT BDATE FROM BOARD_SY WHERE BNUMBER=#{bnumber} 
 		</selectKey>
 	</update>
 	
 	<delete id="boardDelete" parameterType="int">
 		DELETE FROM BOARD_SY WHERE BNUMBER=#{bnumber}
 	</delete>
 	
 	<select id="boardListCount" resultType="int">
 		SELECT COUNT(BNUMBER) FROM BOARD_SY
 	</select>
 	
 	<select id="boardListPaging" parameterType="page" resultType="board">
 		SELECT * FROM (SELECT B.*, ROW_NUMBER() OVER(ORDER BY BNUMBER DESC) AS RN FROM BOARD_SY B) WHERE RN BETWEEN #{startRow} AND #{endRow}

 	</select>
 	
 	<select id="boardsearch2" parameterType="java.util.HashMap" resultType="board">
       SELECT * FROM BOARD_SY
       <include refid="search"></include>
    </select>
    
    <sql id="search">
       <choose>
          <when test="type=='BTITLE'">
             WHERE BTITLE LIKE '%'||#{word}||'%'
          </when>
          <when test="type=='BWRITER'">
             WHERE BWRITER LIKE '%'||#{word}||'%'
          </when>
       </choose>
    </sql>
 	
 	<select id="boardsearch" parameterType="java.util.HashMap" resultType="board">
 		SELECT * FROM BOARD_SY WHERE ${type} LIKE '%'||#{word}||'%'
 	</select>

 </mapper>