<?xml version="1.0" encoding="UTF-8"?>
<!DOCTYPE mapper PUBLIC "-//mybatis.org//DTD Mapper 3.0//EN"
 "http://mybatis.org/dtd/mybatis-3-mapper.dtd">
 
 <mapper namespace="Board"> 
	<insert id="boardWrite" parameterType="board">
		INSERT INTO BOARDTABLE(BNUMBER,BPASSWORD,BWRITER,BTITLE,BCONTENTS,BDATE,BHITS)
			VALUES(BNUMBER_SEQ.NEXTVAL,#{bpassword},#{bwriter},#{btitle},#{bcontents},SYSDATE,0)
	</insert>
	
	<select id="boardList" resultType="board">
		SELECT * FROM BOARDTABLE ORDER BY BNUMBER DESC
	</select>
	
	<update id="boardHits" parameterType="int">
		UPDATE BOARDTABLE SET BHITS=BHITS+1 WHERE BNUMBER=#{bnumber}
	</update>
	
	<select id="boardView" parameterType="int" resultType="board">
		SELECT * FROM BOARDTABLE WHERE BNUMBER=#{bnumber}
	</select>
	
	<update id="boardUpdate" parameterType="board">
		UPDATE BOARDTABLE SET BTITLE=#{btitle}, BCONTENTS=#{bcontents} WHERE BNUMBER=#{bnumber}
	</update>
	
 </mapper>
 
 
 
 
 
 
 
 
 
 
 
 
 
 
 
 
 
 
 
 